{
  "id": "basis-page-pro",
  "style": {
    "minHeight": "100vh",
    "backgroundColor": "#f7f8f8",
    "backgroundImage": "radial-gradient(980px 560px at 14% 18%, rgba(16,185,129,0.10) 0%, rgba(16,185,129,0.00) 60%), radial-gradient(860px 540px at 86% 74%, rgba(245,158,11,0.10) 0%, rgba(245,158,11,0.00) 62%), repeating-linear-gradient(0deg, rgba(0,0,0,0.045) 0, rgba(0,0,0,0.045) 1px, transparent 1px, transparent 46px), repeating-linear-gradient(90deg, rgba(0,0,0,0.045) 0, rgba(0,0,0,0.045) 1px, transparent 1px, transparent 46px)",
    "padding": {
      "all": "22px 24px"
    },
    "responsive": {
      "tablet": {
        "padding": {
          "all": "20px 20px"
        }
      },
      "mobile": {
        "padding": {
          "all": "16px 16px"
        }
      }
    }
  },
  "type": "container",
  "children": [
    {
      "id": "bp-shell",
      "style": {
        "maxWidth": "1200px",
        "margin": {
          "left": "auto",
          "right": "auto"
        }
      },
      "type": "container",
      "children": [
        {
          "id": "bp-header",
          "style": {
            "display": "flex",
            "alignItems": "center",
            "justifyContent": "space-between",
            "padding": {
              "all": "10px 0"
            },
            "borderBottom": "1px solid rgba(0,0,0,0.08)"
          },
          "type": "container",
          "children": [
            {
              "id": "bp-brand",
              "style": {
                "font": {
                  "size": "16px",
                  "weight": "600"
                }
              },
              "type": "text",
              "content": "Arvin Jayson Castro"
            },
            {
              "id": "bp-nav",
              "style": {
                "display": "flex",
                "gap": "24px"
              },
              "type": "container",
              "children": [
                {
                  "id": "bp-nav-books",
                  "style": {
                    "textDecoration": "underline",
                    "textDecorationColor": "#111",
                    "textDecorationThickness": "2px",
                    "textUnderlineOffset": "4px"
                  },
                  "type": "link",
                  "label": "Books",
                  "href": "https://arvinjaysoncastro.com/books",
                  "target": "_self",
                  "underline": false
                },
                {
                  "id": "bp-nav-ws",
                  "style": {},
                  "type": "link",
                  "label": "Working Systems",
                  "href": "https://arvinjaysoncastro.com/working-systems",
                  "target": "_self",
                  "underline": false
                },
                {
                  "id": "bp-nav-about",
                  "style": {},
                  "type": "link",
                  "label": "16 Years",
                  "href": "https://arvinjaysoncastro.com/about",
                  "target": "_self",
                  "underline": false
                },
                {
                  "id": "bp-nav-ln-wrap",
                  "style": {
                    "position": "relative",
                    "display": "inline-block"
                  },
                  "type": "container",
                  "children": [
                    {
                      "id": "bp-nav-ln",
                      "style": {},
                      "type": "link",
                      "label": "linkedIn",
                      "href": "https://www.linkedin.com/in/arvin-jayson-castro-7458199a/",
                      "target": "_blank",
                      "underline": false
                    },
                    {
                      "id": "bp-nav-ln-sub",
                      "style": {
                        "position": "absolute",
                        "top": "18px",
                        "left": "0",
                        "font": {
                          "size": "9px",
                          "weight": "400",
                          "family": "Georgia, serif"
                        },
                        "color": "#999",
                        "fontStyle": "italic",
                        "whiteSpace": "nowrap"
                      },
                      "type": "text",
                      "content": "let's connect"
                    }
                  ]
                }
              ]
            }
          ]
        },
        {
          "id": "bp-layout",
          "style": {
            "display": "grid",
            "gridTemplateColumns": "320px minmax(520px, 680px) 220px",
            "gap": "48px",
            "padding": {
              "top": "48px"
            },
            "alignItems": "start",
            "responsive": {
              "tablet": {
                "gridTemplateColumns": "1fr",
                "gap": "32px"
              },
              "mobile": {
                "gridTemplateColumns": "1fr",
                "gap": "24px"
              }
            }
          },
          "type": "container",
          "children": [
            {
              "id": "bp-left-cover",
              "style": {
                "position": "sticky",
                "top": "96px",
                "display": "flex",
                "flexDirection": "column",
                "gap": "12px",
                "responsive": {
                  "tablet": {
                    "position": "relative",
                    "top": "auto"
                  },
                  "mobile": {
                    "position": "relative",
                    "top": "auto"
                  }
                }
              },
              "type": "container",
              "children": [
                {
                  "id": "bp-cover-art",
                  "style": {
                    "width": "100%",
                    "aspectRatio": "2 / 3",
                    "borderRadius": "8px",
                    "overflow": "hidden",
                    "boxShadow": "0 20px 60px rgba(0,0,0,0.15)"
                  },
                  "type": "vector",
                  "markup": "<svg width=\"2000\" height=\"3000\" viewBox=\"0 0 2000 3000\"\n     xmlns=\"http://www.w3.org/2000/svg\"\n     role=\"img\"\n     aria-label=\"Working Fundamentals book cover\">\n\n  <!-- Background -->\n  <rect width=\"2000\" height=\"3000\" fill=\"#F7F4EE\"/>\n\n <g stroke=\"#111111\" stroke-opacity=\"0.06\" stroke-width=\"1\" shape-rendering=\"crispEdges\">\n    <!-- vertical lines every 100px -->\n    <line x1=\"100\" y1=\"0\" x2=\"100\" y2=\"3000\"/>\n    <line x1=\"200\" y1=\"0\" x2=\"200\" y2=\"3000\"/>\n    <line x1=\"300\" y1=\"0\" x2=\"300\" y2=\"3000\"/>\n    <line x1=\"400\" y1=\"0\" x2=\"400\" y2=\"3000\"/>\n    <line x1=\"500\" y1=\"0\" x2=\"500\" y2=\"3000\"/>\n    <line x1=\"600\" y1=\"0\" x2=\"600\" y2=\"3000\"/>\n    <line x1=\"700\" y1=\"0\" x2=\"700\" y2=\"3000\"/>\n    <line x1=\"800\" y1=\"0\" x2=\"800\" y2=\"3000\"/>\n    <line x1=\"900\" y1=\"0\" x2=\"900\" y2=\"3000\"/>\n    <line x1=\"1000\" y1=\"0\" x2=\"1000\" y2=\"3000\"/>\n    <line x1=\"1100\" y1=\"0\" x2=\"1100\" y2=\"3000\"/>\n    <line x1=\"1200\" y1=\"0\" x2=\"1200\" y2=\"3000\"/>\n    <line x1=\"1300\" y1=\"0\" x2=\"1300\" y2=\"3000\"/>\n    <line x1=\"1400\" y1=\"0\" x2=\"1400\" y2=\"3000\"/>\n    <line x1=\"1500\" y1=\"0\" x2=\"1500\" y2=\"3000\"/>\n    <line x1=\"1600\" y1=\"0\" x2=\"1600\" y2=\"3000\"/>\n    <line x1=\"1700\" y1=\"0\" x2=\"1700\" y2=\"3000\"/>\n    <line x1=\"1800\" y1=\"0\" x2=\"1800\" y2=\"3000\"/>\n    <line x1=\"1900\" y1=\"0\" x2=\"1900\" y2=\"3000\"/>\n\n    <!-- horizontal lines every 100px -->\n    <line x1=\"0\" y1=\"100\" x2=\"2000\" y2=\"100\"/>\n    <line x1=\"0\" y1=\"200\" x2=\"2000\" y2=\"200\"/>\n    <line x1=\"0\" y1=\"300\" x2=\"2000\" y2=\"300\"/>\n    <line x1=\"0\" y1=\"400\" x2=\"2000\" y2=\"400\"/>\n    <line x1=\"0\" y1=\"500\" x2=\"2000\" y2=\"500\"/>\n    <line x1=\"0\" y1=\"600\" x2=\"2000\" y2=\"600\"/>\n    <line x1=\"0\" y1=\"700\" x2=\"2000\" y2=\"700\"/>\n    <line x1=\"0\" y1=\"800\" x2=\"2000\" y2=\"800\"/>\n    <line x1=\"0\" y1=\"900\" x2=\"2000\" y2=\"900\"/>\n    <line x1=\"0\" y1=\"1000\" x2=\"2000\" y2=\"1000\"/>\n    <line x1=\"0\" y1=\"1100\" x2=\"2000\" y2=\"1100\"/>\n    <line x1=\"0\" y1=\"1200\" x2=\"2000\" y2=\"1200\"/>\n    <line x1=\"0\" y1=\"1300\" x2=\"2000\" y2=\"1300\"/>\n    <line x1=\"0\" y1=\"1400\" x2=\"2000\" y2=\"1400\"/>\n    <line x1=\"0\" y1=\"1500\" x2=\"2000\" y2=\"1500\"/>\n    <line x1=\"0\" y1=\"1600\" x2=\"2000\" y2=\"1600\"/>\n    <line x1=\"0\" y1=\"1700\" x2=\"2000\" y2=\"1700\"/>\n    <line x1=\"0\" y1=\"1800\" x2=\"2000\" y2=\"1800\"/>\n    <line x1=\"0\" y1=\"1900\" x2=\"2000\" y2=\"1900\"/>\n    <line x1=\"0\" y1=\"2000\" x2=\"2000\" y2=\"2000\"/>\n    <line x1=\"0\" y1=\"2100\" x2=\"2000\" y2=\"2100\"/>\n    <line x1=\"0\" y1=\"2200\" x2=\"2000\" y2=\"2200\"/>\n    <line x1=\"0\" y1=\"2300\" x2=\"2000\" y2=\"2300\"/>\n    <line x1=\"0\" y1=\"2400\" x2=\"2000\" y2=\"2400\"/>\n    <line x1=\"0\" y1=\"2500\" x2=\"2000\" y2=\"2500\"/>\n    <line x1=\"0\" y1=\"2600\" x2=\"2000\" y2=\"2600\"/>\n    <line x1=\"0\" y1=\"2700\" x2=\"2000\" y2=\"2700\"/>\n    <line x1=\"0\" y1=\"2800\" x2=\"2000\" y2=\"2800\"/>\n    <line x1=\"0\" y1=\"2900\" x2=\"2000\" y2=\"2900\"/>\n  </g>\n\n  <!-- Heavy grid (every 500px) + faint inner frame -->\n  <g stroke=\"#111111\" stroke-opacity=\"0.10\" stroke-width=\"1\" shape-rendering=\"crispEdges\">\n    <line x1=\"500\" y1=\"0\" x2=\"500\" y2=\"3000\"/>\n    <line x1=\"1000\" y1=\"0\" x2=\"1000\" y2=\"3000\"/>\n    <line x1=\"1500\" y1=\"0\" x2=\"1500\" y2=\"3000\"/>\n    <line x1=\"0\" y1=\"500\" x2=\"2000\" y2=\"500\"/>\n    <line x1=\"0\" y1=\"1000\" x2=\"2000\" y2=\"1000\"/>\n    <line x1=\"0\" y1=\"1500\" x2=\"2000\" y2=\"1500\"/>\n    <line x1=\"0\" y1=\"2000\" x2=\"2000\" y2=\"2000\"/>\n    <line x1=\"0\" y1=\"2500\" x2=\"2000\" y2=\"2500\"/>\n\n    <rect x=\"160\" y=\"200\" width=\"1680\" height=\"2600\" rx=\"64\" fill=\"none\"/>\n  </g>\n\n  <!-- Subtle paper specks -->\n  <g opacity=\"0.05\" fill=\"#111111\">\n    <circle cx=\"140\" cy=\"260\" r=\"2\"/>\n    <circle cx=\"380\" cy=\"520\" r=\"1.8\"/>\n    <circle cx=\"860\" cy=\"420\" r=\"1.6\"/>\n    <circle cx=\"1560\" cy=\"360\" r=\"2.1\"/>\n    <circle cx=\"1820\" cy=\"680\" r=\"1.7\"/>\n    <circle cx=\"260\" cy=\"1220\" r=\"1.8\"/>\n    <circle cx=\"720\" cy=\"1540\" r=\"2.0\"/>\n    <circle cx=\"1280\" cy=\"1320\" r=\"1.6\"/>\n    <circle cx=\"1760\" cy=\"1460\" r=\"2.1\"/>\n    <circle cx=\"420\" cy=\"2140\" r=\"1.7\"/>\n    <circle cx=\"940\" cy=\"2380\" r=\"2.0\"/>\n    <circle cx=\"1460\" cy=\"2240\" r=\"1.6\"/>\n    <circle cx=\"1700\" cy=\"2620\" r=\"1.9\"/>\n    <circle cx=\"520\" cy=\"2840\" r=\"1.7\"/>\n    <circle cx=\"1120\" cy=\"2760\" r=\"2.0\"/>\n  </g>\n\n  <!-- Title -->\n  <text x=\"1000\" y=\"1540\"\n        text-anchor=\"middle\"\n        font-family=\"Inter, system-ui, -apple-system, Segoe UI, Roboto, sans-serif\"\n        font-size=\"150\"\n        font-weight=\"650\"\n        letter-spacing=\"-0.02em\"\n        fill=\"#111111\">\n    Working <tspan fill=\"#DC2626\">F</tspan><tspan fill=\"#FACC15\">u</tspan><tspan fill=\"#2563EB\">n</tspan><tspan>damentals</tspan>\n  </text>\n\n  <!-- Subtitle -->\n  <text x=\"900\" y=\"1720\"\n        text-anchor=\"end\"\n        font-family=\"Inter, system-ui, -apple-system, Segoe UI, Roboto, sans-serif\"\n        font-size=\"64\"\n        font-weight=\"400\"\n        fill=\"#333333\">\n    How software stays\n  </text>\n\n  <text x=\"920\" y=\"1720\"\n        text-anchor=\"start\"\n        font-family=\"Inter, system-ui, -apple-system, Segoe UI, Roboto, sans-serif\"\n        font-size=\"64\"\n        font-weight=\"400\"\n        fill=\"#333333\">\n    predicatable\n  </text>\n\n  <!-- === Squiggle + Yarn (YOUR EXACT SVG, PLACED BELOW 'predicatable') === -->\n  <g transform=\"translate(800, 1780) scale(1,-1)\">\n    <svg width=\"800\" height=\"120\" viewBox=\"0 0 800 180\"\n         xmlns=\"http://www.w3.org/2000/svg\"\n         role=\"img\"\n         aria-label=\"Squiggle underline flowing into yarn spiral\"\n         overflow=\"visible\">\n\n      <path\n        d=\"\n    M 10 60\n    C 22 54, 38 54, 50 60\n    C 62 66, 78 66, 90 60\n    C 102 54,118 54,130 60\n    C 142 66,158 66,170 60\n    C 182 54,198 54,210 60\n    C 222 66,238 66,250 60\n    C 262 54,278 54,290 60\n    C 302 66,318 66,330 60\n    C 342 54,358 54,370 60\n\n    C 382 66,398 66,410 60\n    C 422 54,438 54,450 60\n    C 462 66,478 66,490 60\n    C 502 54,518 54,530 60\n    C 542 66,558 66,570 60\n    C 582 54,598 54,610 60\n    C 622 66,638 66,650 60\n    C 662 54,678 54,690 60\n    C 702 66,718 66,730 60\nM 700 72\nC 712 78, 714 86, 706 90\nC 696 94, 688 86, 694 78\nC 704 66, 718 70, 708 78\n\nC 698 84, 682 84, 670 76\nC 656 68, 650 54, 652 40\nC 654 26, 666 18, 680 20\nC 694 22, 704 34, 702 48\nC 700 60, 688 70, 674 68\nC 660 66, 656 52, 662 44\nC 668 36, 682 36, 688 44\nC 694 52, 686 60, 676 58\nC 666 56, 664 48, 670 44\nC 676 40, 682 44, 680 48\nC 678 52, 672 52, 672 48\n\n\"\n      fill=\"none\"\n      stroke=\"#16A34A\"\n      stroke-width=\"5\"\n      stroke-linecap=\"round\"\n      stroke-linejoin=\"round\"\n      />\n    </svg>\n  </g>\n\n<g transform=\"translate(1650, 1530) scale(-1,1)\"><path fill=\"#16A34A\" d=\"M238.2,105.9c0,0-10.6,0.1-14.1-1.9c-3.5-2-14.4-3.7-32,6.8c-12.4,6.9-35.1-9.6-37.5-10.6c-2.4-1-22-13.3-60.7,2c-16.7,6.2-43.2-5.7-48.3-7.6c-5.1-2-34.8-11.1-17.1-35.3c0,0,10.9-9.2,0.5-13.6C25,44.4,8.1,58,10.2,77.3c1.3,11.4,8.8,31.1,58,39.7c0,0,5.5,0.5,4.2,4.3c-1.4,3.8-3.5,24.1-2.9,31.4c0,5.5-3.2,7.9-4.8,9.5s-13.4,12.2-13.7,17.1c-0.4,4.9-5.3,29.1,4,30.4c0,0,8.7,2.4,9.6-1.9c0,0,2.6-6.4-5.1-8.1c0,0-0.2-12.5,5.2-15.1l16.4-8.3l-0.2-0.3c0,0,12.1,17.6,20.3,18.3c0,0,8.3,1.3,8.8-2.8c0.5-4.1-4.6-5.7-8.7-5.4c0,0-6.7-7.2-6.8-8.7c-0.1-1.5,3.1-6.8,5.6-9.7c2.5-2.9,11.1-12.1,13-17.3c10.5-4.6,36.6-1.6,42.8,1.3c0,0,0.8,4,11,18c-5.1,5.3-13.9,11.7-8.8,16.9c5.2,5.2,18.5-7.3,19.6-15.4c1.1-8.2-2.9-13.8-2.9-13.8s3.3,1.9,7.7,7.1c4.4,5.1,2,5.8,16.1,14.8c14,9.1,30.3,20.1,30.3,20.1s3.3,6,11,5.7c7.7-0.4,4.9-8.2,3.2-9.5c-1.8-1.3-5.3-4.3-10.5-6.8c-5.2-2.5-24.6-19.9-25.9-21.5s-1.6-7.8-0.2-10.9l6.7-17.2c0,0,1.9-1.3,3.5,1c1.6,2.3,5.9,3.2,6.8,2.1c0,0,3.5,0.3,6.4-0.3c2.9-0.6,2.4-6.5,5.1-11.9c0,0,2.6-3.5,1.9-11.8l9.2-4.9l-10-3.4L238.2,105.9z\"/></g>\n\n  <!-- Author -->\n  <text x=\"1000\" y=\"2680\"\n        text-anchor=\"middle\"\n        font-family=\"Inter, system-ui, -apple-system, Segoe UI, Roboto, sans-serif\"\n        font-size=\"44\"\n        font-weight=\"400\"\n        fill=\"#555555\"\n        letter-spacing=\"0.18em\">\n    ARVIN JAYSON CASTRO\n  </text>\n\n</svg>",
                  "width": "24",
                  "height": "24"
                },
                {
                  "id": "bp-cover-preview",
                  "style": {
                    "font": {
                      "size": "11px",
                      "weight": "500",
                      "letterSpacing": "0.12em"
                    },
                    "color": "#666",
                    "textAlign": "center"
                  },
                  "type": "text",
                  "content": "START READING"
                }
              ]
            },
            {
              "id": "bp-center-content",
              "style": {
                "display": "flex",
                "flexDirection": "column",
                "gap": "16px"
              },
              "type": "container",
              "children": [
                {
                  "id": "bp-title",
                  "style": {
                    "font": {
                      "size": "40px",
                      "weight": "800",
                      "lineHeight": "1.15"
                    },
                    "color": "#111"
                  },
                  "type": "heading",
                  "level": "h1",
                  "content": "Working Fundamentals"
                },
                {
                  "id": "bp-author",
                  "style": {
                    "font": {
                      "size": "13px",
                      "weight": "600",
                      "letterSpacing": "0.12em"
                    },
                    "color": "#666"
                  },
                  "type": "text",
                  "content": "by ARVIN JAYSON CASTRO"
                },
                {
                  "id": "bp-intro",
                  "style": {
                    "font": {
                      "size": "18px",
                      "weight": "500"
                    },
                    "lineHeight": "1.6",
                    "color": "#333"
                  },
                  "type": "text",
                  "content": "A concise, practical guide to building software that lasts — patterns, checklists, and pragmatic examples."
                },
                {
                  "id": "bp-body",
                  "style": {
                    "display": "flex",
                    "flexDirection": "column",
                    "gap": "14px"
                  },
                  "type": "container",
                  "children": [
                    {
                      "id": "bp-p1",
                      "style": {
                        "font": {
                          "size": "15px"
                        },
                        "lineHeight": "1.7",
                        "color": "#222"
                      },
                      "type": "text",
                      "content": "Software rarely fails suddenly. It decays. It decays through unnamed assumptions, unclear responsibilities, invisible state, misplaced abstractions."
                    },
                    {
                      "id": "bp-p2",
                      "style": {
                        "font": {
                          "size": "15px"
                        },
                        "lineHeight": "1.7",
                        "color": "#222"
                      },
                      "type": "text",
                      "content": "Read slowly. Do not skim for techniques. Read for shape. Obvious truths are often the most neglected."
                    }
                  ]
                },
                {
                  "id": "bp-meta",
                  "style": {
                    "margin": {
                      "top": "16px"
                    },
                    "padding": {
                      "top": "20px"
                    },
                    "borderTop": "1px solid rgba(0,0,0,0.08)",
                    "display": "grid",
                    "gridTemplateColumns": "repeat(2, minmax(0,1fr))",
                    "gap": "12px 24px",
                    "font": {
                      "size": "13px"
                    }
                  },
                  "type": "container",
                  "children": [
                    {
                      "id": "bp-meta-editors",
                      "style": {},
                      "type": "text",
                      "content": "Editors\n\nArvin Jayson Castro"
                    },
                    {
                      "id": "bp-meta-features",
                      "style": {},
                      "type": "text",
                      "content": "Features\n\nFull color · 220 pages"
                    },
                    {
                      "id": "bp-meta-release",
                      "style": {},
                      "type": "text",
                      "content": "Release Date\n\nJan 2026"
                    },
                    {
                      "id": "bp-meta-language",
                      "style": {},
                      "type": "text",
                      "content": "Language\n\nEnglish"
                    },
                    {
                      "id": "bp-meta-format",
                      "style": {},
                      "type": "text",
                      "content": "Format\n\n21 × 26 cm"
                    },
                    {
                      "id": "bp-meta-isbn",
                      "style": {},
                      "type": "text",
                      "content": "ISBN\n\nTBD"
                    }
                  ]
                },
                {
                  "id": "bp-review",
                  "style": {
                    "margin": {
                      "top": "20px"
                    },
                    "padding": {
                      "top": "20px"
                    },
                    "borderTop": "1px solid rgba(0,0,0,0.08)",
                    "display": "flex",
                    "gap": "16px",
                    "alignItems": "flex-start"
                  },
                  "type": "container",
                  "children": [
                    {
                      "id": "bp-review-avatar",
                      "style": {
                        "width": "44px",
                        "height": "44px",
                        "borderRadius": "50%"
                      },
                      "type": "image",
                      "src": "https://media.licdn.com/dms/image/v2/D4D03AQFu3T0VxHF1Fg/profile-displayphoto-shrink_200_200/profile-displayphoto-shrink_200_200/0/1699015981714?e=1770854400&v=beta&t=K6EWG2XmIt5qYpvu_3nCLgHVSa3-DCc2k6fD6YX2Oow",
                      "alt": "Author"
                    },
                    {
                      "id": "bp-review-text",
                      "style": {},
                      "type": "container",
                      "children": [
                        {
                          "id": "bp-reviewer",
                          "style": {
                            "font": {
                              "weight": "700"
                            }
                          },
                          "type": "text",
                          "content": "About the Author"
                        },
                        {
                          "id": "bp-review-quote",
                          "style": {
                            "font": {
                              "size": "14px"
                            },
                            "color": "#333"
                          },
                          "type": "text",
                          "content": "Make it wild... Call me J"
                        }
                      ]
                    }
                  ]
                }
              ]
            },
            {
              "id": "bp-related-books",
              "style": {
                "position": "sticky",
                "top": "96px",
                "display": "flex",
                "flexDirection": "column",
                "gap": "12px",
                "responsive": {
                  "tablet": {
                    "position": "relative",
                    "top": "auto",
                    "margin": {
                      "top": "48px"
                    }
                  },
                  "mobile": {
                    "position": "relative",
                    "top": "auto",
                    "margin": {
                      "top": "48px"
                    }
                  }
                }
              },
              "type": "container",
              "children": [
                {
                  "id": "bp-related-title",
                  "style": {
                    "font": {
                      "size": "11px",
                      "weight": "600",
                      "letterSpacing": "0.14em"
                    },
                    "color": "#666",
                    "textTransform": "uppercase",
                    "margin": {
                      "bottom": "12px"
                    }
                  },
                  "type": "text",
                  "content": "Read Your Fill"
                },
                {
                  "id": "bp-related-list",
                  "style": {
                    "display": "flex",
                    "flexDirection": "column",
                    "gap": "20px",
                    "responsive": {
                      "tablet": {
                        "flexDirection": "row",
                        "overflowX": "auto",
                        "gap": "16px",
                        "padding": {
                          "bottom": "8px"
                        }
                      },
                      "mobile": {
                        "flexDirection": "row",
                        "overflowX": "auto",
                        "gap": "16px",
                        "padding": {
                          "bottom": "8px"
                        }
                      }
                    }
                  },
                  "type": "container",
                  "children": [
                    {
                      "id": "bp-rel-1",
                      "style": {
                        "display": "flex",
                        "flexDirection": "column",
                        "gap": "6px",
                        "cursor": "pointer",
                        "transition": "transform 0.12s ease, box-shadow 0.12s ease",
                        "hover": {
                          "transform": "translateY(-2px)",
                          "boxShadow": "0 12px 36px rgba(0,0,0,0.16)"
                        },
                        "responsive": {
                          "tablet": {
                            "minWidth": "140px",
                            "flexShrink": "0"
                          },
                          "mobile": {
                            "minWidth": "140px",
                            "flexShrink": "0"
                          }
                        }
                      },
                      "type": "container",
                      "children": [
                        {
                          "id": "bp-rel-1-img",
                          "style": {
                            "width": "100%",
                            "aspectRatio": "3 / 4",
                            "borderRadius": "6px",
                            "objectFit": "cover",
                            "boxShadow": "0 8px 24px rgba(0,0,0,0.10)"
                          },
                          "type": "image",
                          "src": "https://images.unsplash.com/photo-1544947950-fa07a98d237f?w=600",
                          "alt": "Related Book 1"
                        },
                        {
                          "id": "bp-rel-1-title",
                          "style": {
                            "font": {
                              "size": "12px",
                              "weight": "600"
                            },
                            "lineHeight": "1.4",
                            "color": "#111",
                            "display": "-webkit-box",
                            "WebkitLineClamp": "2",
                            "WebkitBoxOrient": "vertical",
                            "overflow": "hidden"
                          },
                          "type": "link",
                          "label": "The Quiet Craft of Systems",
                          "href": "/books/quiet-craft",
                          "target": "_self",
                          "underline": false
                        }
                      ]
                    },
                    {
                      "id": "bp-rel-2",
                      "style": {
                        "display": "flex",
                        "flexDirection": "column",
                        "gap": "6px",
                        "cursor": "pointer",
                        "transition": "transform 0.12s ease, box-shadow 0.12s ease",
                        "hover": {
                          "transform": "translateY(-2px)",
                          "boxShadow": "0 12px 36px rgba(0,0,0,0.16)"
                        },
                        "responsive": {
                          "tablet": {
                            "minWidth": "140px",
                            "flexShrink": "0"
                          },
                          "mobile": {
                            "minWidth": "140px",
                            "flexShrink": "0"
                          }
                        }
                      },
                      "type": "container",
                      "children": [
                        {
                          "id": "bp-rel-2-img",
                          "style": {
                            "width": "100%",
                            "aspectRatio": "3 / 4",
                            "borderRadius": "6px",
                            "objectFit": "cover",
                            "boxShadow": "0 8px 24px rgba(0,0,0,0.10)"
                          },
                          "type": "image",
                          "src": "https://images.unsplash.com/photo-1589829085413-56de8ae18c73?w=600",
                          "alt": "Related Book 2"
                        },
                        {
                          "id": "bp-rel-2-title",
                          "style": {
                            "font": {
                              "size": "12px",
                              "weight": "600"
                            },
                            "lineHeight": "1.4",
                            "color": "#111",
                            "display": "-webkit-box",
                            "WebkitLineClamp": "2",
                            "WebkitBoxOrient": "vertical",
                            "overflow": "hidden"
                          },
                          "type": "link",
                          "label": "Editorial Systems for Teams",
                          "href": "/books/editorial-systems",
                          "target": "_self",
                          "underline": false
                        }
                      ]
                    },
                    {
                      "id": "bp-rel-3",
                      "style": {
                        "display": "flex",
                        "flexDirection": "column",
                        "gap": "6px",
                        "cursor": "pointer",
                        "transition": "transform 0.12s ease, box-shadow 0.12s ease",
                        "hover": {
                          "transform": "translateY(-2px)",
                          "boxShadow": "0 12px 36px rgba(0,0,0,0.16)"
                        },
                        "responsive": {
                          "tablet": {
                            "minWidth": "140px",
                            "flexShrink": "0"
                          },
                          "mobile": {
                            "minWidth": "140px",
                            "flexShrink": "0"
                          }
                        }
                      },
                      "type": "container",
                      "children": [
                        {
                          "id": "bp-rel-3-img",
                          "style": {
                            "width": "100%",
                            "aspectRatio": "3 / 4",
                            "borderRadius": "6px",
                            "objectFit": "cover",
                            "boxShadow": "0 8px 24px rgba(0,0,0,0.10)"
                          },
                          "type": "image",
                          "src": "https://images.unsplash.com/photo-1524995997946-a1c2e315a42f?w=600",
                          "alt": "Related Book 3"
                        },
                        {
                          "id": "bp-rel-3-title",
                          "style": {
                            "font": {
                              "size": "12px",
                              "weight": "600"
                            },
                            "lineHeight": "1.4",
                            "color": "#111",
                            "display": "-webkit-box",
                            "WebkitLineClamp": "2",
                            "WebkitBoxOrient": "vertical",
                            "overflow": "hidden"
                          },
                          "type": "link",
                          "label": "Maintaining Predictable Software",
                          "href": "/books/predictable-software",
                          "target": "_self",
                          "underline": false
                        }
                      ]
                    }
                  ]
                }
              ]
            }
          ]
        }
      ]
    }
  ]
}